,sentence,keywords
0,Ensure that all employees have a voice in the organization.,"['ensure', 'employee', 'organization']"
1,"Also, provide more opportunities for career growth and development.","['provide', 'more', 'opportunity', 'career', 'development']"
2,Creating a more inclusive and diverse work environment by promoting diversity initiatives and providing training on cultural competence can enhance employee well-being and satisfaction.,"['create', 'more', 'inclusive', 'work', 'environment', 'promote', 'provide', 'enhance', 'employee', 'well', 'being', 'satisfaction']"
3,Enhance work-life balance through remote working options.,"['enhance', 'work', 'life', 'balance', 'work']"
4,"Moreover, enhance communication between different levels of the organization.","['moreover', 'enhance', 'communication', 'organization']"
5,"Providing additional support for employees who are managing work and family responsibilities, such as flexible schedules and childcare options, would greatly alleviate stress and improve work-life balance.","['provide', 'employee', 'work', 'improve', 'work', 'life', 'balance']"
7,"Additionally, focus on creating a supportive and inclusive work environment.","['additionally', 'create', 'inclusive', 'work', 'environment']"
8,"Furthermore, the introduction of more comprehensive wellness programs, including fitness classes and mental health workshops, would greatly benefit employee well-being.","['more', 'health', 'employee', 'well', 'being']"
9,Improve the physical work environment with better facilities.,"['improve', 'work', 'environment', 'well']"
10,"Additionally, focus on creating a supportive and inclusive work environment.","['additionally', 'create', 'inclusive', 'work', 'environment']"
11,"Offering opportunities for continuous learning and professional development, such as workshops, courses, and certifications, can help employees feel more engaged and valued.","['opportunity', 'development', 'help', 'employee', 'feel', 'more']"
13,"Also, provide more opportunities for career growth and development.","['provide', 'more', 'opportunity', 'career', 'development']"
14,"Moreover, ensuring that all employees have access to state-of-the-art technology and resources will enable them to perform their duties more efficiently and with greater satisfaction.","['moreover', 'ensure', 'employee', 'more', 'satisfaction']"
16,"Also, provide more opportunities for career growth and development.","['provide', 'more', 'opportunity', 'career', 'development']"
17,Creating a more inclusive and diverse work environment by promoting diversity initiatives and providing training on cultural competence can enhance employee well-being and satisfaction.,"['create', 'more', 'inclusive', 'work', 'environment', 'promote', 'provide', 'enhance', 'employee', 'well', 'being', 'satisfaction']"
18,Offer more opportunities for leadership development and training.,"['more', 'opportunity', 'development']"
19,"Also, provide more opportunities for career growth and development.","['provide', 'more', 'opportunity', 'career', 'development']"
20,Encouraging open communication and feedback between employees and management can help address concerns promptly and improve overall workplace satisfaction.,"['communication', 'employee', 'help', 'improve', 'satisfaction']"
22,"Additionally, focus on creating a supportive and inclusive work environment.","['additionally', 'create', 'inclusive', 'work', 'environment']"
23,"Offering opportunities for continuous learning and professional development, such as workshops, courses, and certifications, can help employees feel more engaged and valued.","['opportunity', 'development', 'help', 'employee', 'feel', 'more']"
24,Increase the frequency and variety of employee recognition programs.,"['employee', 'recognition']"
25,"Also, provide more opportunities for career growth and development.","['provide', 'more', 'opportunity', 'career', 'development']"
26,Implementing regular check-ins and mental health days can help employees manage stress and maintain a healthy work-life balance.,"['regular', 'health', 'help', 'employee', 'work', 'life', 'balance']"
27,Provide more opportunities for social engagement and team-building.,"['provide', 'more', 'opportunity']"
28,"Additionally, focus on creating a supportive and inclusive work environment.","['additionally', 'create', 'inclusive', 'work', 'environment']"
29,"Furthermore, the introduction of more comprehensive wellness programs, including fitness classes and mental health workshops, would greatly benefit employee well-being.","['more', 'health', 'employee', 'well', 'being']"
30,Provide better support for mental and emotional health.,"['provide', 'well', 'health']"
31,"Finally, promote a culture of recognition and appreciation for employees' hard work.","['finally', 'promote', 'culture', 'recognition', 'employee', 'work']"
32,Implementing regular check-ins and mental health days can help employees manage stress and maintain a healthy work-life balance.,"['regular', 'health', 'help', 'employee', 'work', 'life', 'balance']"
33,Promote transparency in communication from leadership.,"['promote', 'communication']"
34,"Moreover, enhance communication between different levels of the organization.","['moreover', 'enhance', 'communication', 'organization']"
35,"Providing additional support for employees who are managing work and family responsibilities, such as flexible schedules and childcare options, would greatly alleviate stress and improve work-life balance.","['provide', 'employee', 'work', 'improve', 'work', 'life', 'balance']"
36,Provide more opportunities for career advancement and promotion.,"['provide', 'more', 'opportunity', 'career']"
37,"Additionally, focus on creating a supportive and inclusive work environment.","['additionally', 'create', 'inclusive', 'work', 'environment']"
38,"Additionally, creating opportunities for regular team-building activities and social events can help strengthen relationships and improve morale.","['additionally', 'create', 'opportunity', 'regular', 'help', 'improve']"
40,"Finally, promote a culture of recognition and appreciation for employees' hard work.","['finally', 'promote', 'culture', 'recognition', 'employee', 'work']"
41,Increasing transparency in decision-making processes and ensuring that employees feel heard and involved can foster a sense of trust and belonging within the organization.,"['ensure', 'employee', 'feel', 'organization']"
44,Creating a more inclusive and diverse work environment by promoting diversity initiatives and providing training on cultural competence can enhance employee well-being and satisfaction.,"['create', 'more', 'inclusive', 'work', 'environment', 'promote', 'provide', 'enhance', 'employee', 'well', 'being', 'satisfaction']"
45,Provide better support for mental and emotional health.,"['provide', 'well', 'health']"
46,"Also, provide more opportunities for career growth and development.","['provide', 'more', 'opportunity', 'career', 'development']"
47,Implementing regular check-ins and mental health days can help employees manage stress and maintain a healthy work-life balance.,"['regular', 'health', 'help', 'employee', 'work', 'life', 'balance']"
49,"Moreover, enhance communication between different levels of the organization.","['moreover', 'enhance', 'communication', 'organization']"
50,"Providing additional support for employees who are managing work and family responsibilities, such as flexible schedules and childcare options, would greatly alleviate stress and improve work-life balance.","['provide', 'employee', 'work', 'improve', 'work', 'life', 'balance']"
51,Provide more opportunities for remote work.,"['provide', 'more', 'opportunity', 'work']"
52,"Finally, promote a culture of recognition and appreciation for employees' hard work.","['finally', 'promote', 'culture', 'recognition', 'employee', 'work']"
53,"Offering opportunities for continuous learning and professional development, such as workshops, courses, and certifications, can help employees feel more engaged and valued.","['opportunity', 'development', 'help', 'employee', 'feel', 'more']"
55,"Finally, promote a culture of recognition and appreciation for employees' hard work.","['finally', 'promote', 'culture', 'recognition', 'employee', 'work']"
56,"Furthermore, the introduction of more comprehensive wellness programs, including fitness classes and mental health workshops, would greatly benefit employee well-being.","['more', 'health', 'employee', 'well', 'being']"
57,Implement programs to support work-life balance.,"['work', 'life', 'balance']"
58,"Also, provide more opportunities for career growth and development.","['provide', 'more', 'opportunity', 'career', 'development']"
59,"Offering opportunities for continuous learning and professional development, such as workshops, courses, and certifications, can help employees feel more engaged and valued.","['opportunity', 'development', 'help', 'employee', 'feel', 'more']"
60,Provide more flexible working hours to accommodate personal commitments.,"['provide', 'more', 'work']"
61,"Also, provide more opportunities for career growth and development.","['provide', 'more', 'opportunity', 'career', 'development']"
62,Encouraging open communication and feedback between employees and management can help address concerns promptly and improve overall workplace satisfaction.,"['communication', 'employee', 'help', 'improve', 'satisfaction']"
63,Promote a healthier work-life balance through flexible working options.,"['promote', 'work', 'life', 'balance', 'work']"
64,"Finally, promote a culture of recognition and appreciation for employees' hard work.","['finally', 'promote', 'culture', 'recognition', 'employee', 'work']"
65,Creating a more inclusive and diverse work environment by promoting diversity initiatives and providing training on cultural competence can enhance employee well-being and satisfaction.,"['create', 'more', 'inclusive', 'work', 'environment', 'promote', 'provide', 'enhance', 'employee', 'well', 'being', 'satisfaction']"
66,Create a more supportive and understanding management style.,"['create', 'more']"
67,"Also, provide more opportunities for career growth and development.","['provide', 'more', 'opportunity', 'career', 'development']"
68,Increasing transparency in decision-making processes and ensuring that employees feel heard and involved can foster a sense of trust and belonging within the organization.,"['ensure', 'employee', 'feel', 'organization']"
69,Provide more opportunities for social engagement and team-building.,"['provide', 'more', 'opportunity']"
70,"Additionally, focus on creating a supportive and inclusive work environment.","['additionally', 'create', 'inclusive', 'work', 'environment']"
71,"Finally, fostering a culture where employees feel their contributions are recognized and valued through regular feedback and awards can significantly enhance their motivation and engagement.","['finally', 'culture', 'employee', 'feel', 'regular', 'enhance']"
73,"Moreover, enhance communication between different levels of the organization.","['moreover', 'enhance', 'communication', 'organization']"
74,Encouraging open communication and feedback between employees and management can help address concerns promptly and improve overall workplace satisfaction.,"['communication', 'employee', 'help', 'improve', 'satisfaction']"
75,Offer more opportunities for social interaction and team-building activities.,"['more', 'opportunity']"
77,"Additionally, creating opportunities for regular team-building activities and social events can help strengthen relationships and improve morale.","['additionally', 'create', 'opportunity', 'regular', 'help', 'improve']"
78,Encourage open and honest communication across all levels of the organization.,"['communication', 'organization']"
80,Creating a more inclusive and diverse work environment by promoting diversity initiatives and providing training on cultural competence can enhance employee well-being and satisfaction.,"['create', 'more', 'inclusive', 'work', 'environment', 'promote', 'provide', 'enhance', 'employee', 'well', 'being', 'satisfaction']"
81,Support employee well-being with comprehensive health benefits.,"['employee', 'well', 'being', 'health']"
82,"Also, provide more opportunities for career growth and development.","['provide', 'more', 'opportunity', 'career', 'development']"
83,"Additionally, creating opportunities for regular team-building activities and social events can help strengthen relationships and improve morale.","['additionally', 'create', 'opportunity', 'regular', 'help', 'improve']"
84,Provide more opportunities for employee recognition and rewards.,"['provide', 'more', 'opportunity', 'employee', 'recognition']"
85,"Finally, promote a culture of recognition and appreciation for employees' hard work.","['finally', 'promote', 'culture', 'recognition', 'employee', 'work']"
86,"Providing additional support for employees who are managing work and family responsibilities, such as flexible schedules and childcare options, would greatly alleviate stress and improve work-life balance.","['provide', 'employee', 'work', 'improve', 'work', 'life', 'balance']"
88,"Moreover, enhance communication between different levels of the organization.","['moreover', 'enhance', 'communication', 'organization']"
89,"Offering opportunities for continuous learning and professional development, such as workshops, courses, and certifications, can help employees feel more engaged and valued.","['opportunity', 'development', 'help', 'employee', 'feel', 'more']"
91,"Additionally, focus on creating a supportive and inclusive work environment.","['additionally', 'create', 'inclusive', 'work', 'environment']"
92,Implementing regular check-ins and mental health days can help employees manage stress and maintain a healthy work-life balance.,"['regular', 'health', 'help', 'employee', 'work', 'life', 'balance']"
93,Create opportunities for cross-departmental collaboration.,"['create', 'opportunity']"
95,"Moreover, ensuring that all employees have access to state-of-the-art technology and resources will enable them to perform their duties more efficiently and with greater satisfaction.","['moreover', 'ensure', 'employee', 'more', 'satisfaction']"
96,Foster a more collaborative and team-oriented work environment.,"['more', 'work', 'environment']"
97,"Moreover, enhance communication between different levels of the organization.","['moreover', 'enhance', 'communication', 'organization']"
98,"Finally, fostering a culture where employees feel their contributions are recognized and valued through regular feedback and awards can significantly enhance their motivation and engagement.","['finally', 'culture', 'employee', 'feel', 'regular', 'enhance']"
100,"Finally, promote a culture of recognition and appreciation for employees' hard work.","['finally', 'promote', 'culture', 'recognition', 'employee', 'work']"
101,"Furthermore, the introduction of more comprehensive wellness programs, including fitness classes and mental health workshops, would greatly benefit employee well-being.","['more', 'health', 'employee', 'well', 'being']"
102,Offer more regular and meaningful feedback.,"['more', 'regular']"
103,"Finally, promote a culture of recognition and appreciation for employees' hard work.","['finally', 'promote', 'culture', 'recognition', 'employee', 'work']"
104,Creating a more inclusive and diverse work environment by promoting diversity initiatives and providing training on cultural competence can enhance employee well-being and satisfaction.,"['create', 'more', 'inclusive', 'work', 'environment', 'promote', 'provide', 'enhance', 'employee', 'well', 'being', 'satisfaction']"
106,"Moreover, enhance communication between different levels of the organization.","['moreover', 'enhance', 'communication', 'organization']"
107,"Additionally, creating opportunities for regular team-building activities and social events can help strengthen relationships and improve morale.","['additionally', 'create', 'opportunity', 'regular', 'help', 'improve']"
108,Provide better support for remote and hybrid work setups.,"['provide', 'well', 'work']"
109,"Also, provide more opportunities for career growth and development.","['provide', 'more', 'opportunity', 'career', 'development']"
110,"Providing additional support for employees who are managing work and family responsibilities, such as flexible schedules and childcare options, would greatly alleviate stress and improve work-life balance.","['provide', 'employee', 'work', 'improve', 'work', 'life', 'balance']"
111,Offer more opportunities for leadership development and training.,"['more', 'opportunity', 'development']"
112,"Additionally, focus on creating a supportive and inclusive work environment.","['additionally', 'create', 'inclusive', 'work', 'environment']"
113,"Furthermore, the introduction of more comprehensive wellness programs, including fitness classes and mental health workshops, would greatly benefit employee well-being.","['more', 'health', 'employee', 'well', 'being']"
114,Provide better access to flexible working arrangements.,"['provide', 'well']"
115,"Finally, promote a culture of recognition and appreciation for employees' hard work.","['finally', 'promote', 'culture', 'recognition', 'employee', 'work']"
116,Increasing transparency in decision-making processes and ensuring that employees feel heard and involved can foster a sense of trust and belonging within the organization.,"['ensure', 'employee', 'feel', 'organization']"
118,"Additionally, focus on creating a supportive and inclusive work environment.","['additionally', 'create', 'inclusive', 'work', 'environment']"
119,"Providing additional support for employees who are managing work and family responsibilities, such as flexible schedules and childcare options, would greatly alleviate stress and improve work-life balance.","['provide', 'employee', 'work', 'improve', 'work', 'life', 'balance']"
122,Implementing regular check-ins and mental health days can help employees manage stress and maintain a healthy work-life balance.,"['regular', 'health', 'help', 'employee', 'work', 'life', 'balance']"
123,Provide more opportunities for social engagement and team-building.,"['provide', 'more', 'opportunity']"
124,"Also, provide more opportunities for career growth and development.","['provide', 'more', 'opportunity', 'career', 'development']"
125,"Offering opportunities for continuous learning and professional development, such as workshops, courses, and certifications, can help employees feel more engaged and valued.","['opportunity', 'development', 'help', 'employee', 'feel', 'more']"
126,Offer more opportunities for social interaction and team-building activities.,"['more', 'opportunity']"
127,"Moreover, enhance communication between different levels of the organization.","['moreover', 'enhance', 'communication', 'organization']"
128,"Moreover, ensuring that all employees have access to state-of-the-art technology and resources will enable them to perform their duties more efficiently and with greater satisfaction.","['moreover', 'ensure', 'employee', 'more', 'satisfaction']"
129,Enhance employee engagement through regular feedback and communication.,"['enhance', 'employee', 'regular', 'communication']"
130,"Additionally, focus on creating a supportive and inclusive work environment.","['additionally', 'create', 'inclusive', 'work', 'environment']"
131,"Offering opportunities for continuous learning and professional development, such as workshops, courses, and certifications, can help employees feel more engaged and valued.","['opportunity', 'development', 'help', 'employee', 'feel', 'more']"
133,"Moreover, enhance communication between different levels of the organization.","['moreover', 'enhance', 'communication', 'organization']"
134,"Additionally, creating opportunities for regular team-building activities and social events can help strengthen relationships and improve morale.","['additionally', 'create', 'opportunity', 'regular', 'help', 'improve']"
135,Provide better training for managers to support their teams effectively.,"['provide', 'well']"
137,Encouraging open communication and feedback between employees and management can help address concerns promptly and improve overall workplace satisfaction.,"['communication', 'employee', 'help', 'improve', 'satisfaction']"
138,Provide better access to flexible working arrangements.,"['provide', 'well']"
139,"Also, provide more opportunities for career growth and development.","['provide', 'more', 'opportunity', 'career', 'development']"
140,"Providing additional support for employees who are managing work and family responsibilities, such as flexible schedules and childcare options, would greatly alleviate stress and improve work-life balance.","['provide', 'employee', 'work', 'improve', 'work', 'life', 'balance']"
141,Create opportunities for cross-departmental collaboration.,"['create', 'opportunity']"
142,"Finally, promote a culture of recognition and appreciation for employees' hard work.","['finally', 'promote', 'culture', 'recognition', 'employee', 'work']"
143,"Additionally, creating opportunities for regular team-building activities and social events can help strengthen relationships and improve morale.","['additionally', 'create', 'opportunity', 'regular', 'help', 'improve']"
145,"Also, provide more opportunities for career growth and development.","['provide', 'more', 'opportunity', 'career', 'development']"
146,Encouraging open communication and feedback between employees and management can help address concerns promptly and improve overall workplace satisfaction.,"['communication', 'employee', 'help', 'improve', 'satisfaction']"
147,Ensure that all employees have the resources they need to succeed.,"['ensure', 'employee']"
148,"Additionally, focus on creating a supportive and inclusive work environment.","['additionally', 'create', 'inclusive', 'work', 'environment']"
149,Increasing transparency in decision-making processes and ensuring that employees feel heard and involved can foster a sense of trust and belonging within the organization.,"['ensure', 'employee', 'feel', 'organization']"
152,"Finally, fostering a culture where employees feel their contributions are recognized and valued through regular feedback and awards can significantly enhance their motivation and engagement.","['finally', 'culture', 'employee', 'feel', 'regular', 'enhance']"
154,"Moreover, enhance communication between different levels of the organization.","['moreover', 'enhance', 'communication', 'organization']"
155,Encouraging open communication and feedback between employees and management can help address concerns promptly and improve overall workplace satisfaction.,"['communication', 'employee', 'help', 'improve', 'satisfaction']"
156,Improve communication and collaboration between departments.,"['improve', 'communication']"
157,"Finally, promote a culture of recognition and appreciation for employees' hard work.","['finally', 'promote', 'culture', 'recognition', 'employee', 'work']"
158,"Offering opportunities for continuous learning and professional development, such as workshops, courses, and certifications, can help employees feel more engaged and valued.","['opportunity', 'development', 'help', 'employee', 'feel', 'more']"
160,"Finally, promote a culture of recognition and appreciation for employees' hard work.","['finally', 'promote', 'culture', 'recognition', 'employee', 'work']"
161,Encouraging open communication and feedback between employees and management can help address concerns promptly and improve overall workplace satisfaction.,"['communication', 'employee', 'help', 'improve', 'satisfaction']"
162,Create opportunities for cross-departmental collaboration.,"['create', 'opportunity']"
163,"Moreover, enhance communication between different levels of the organization.","['moreover', 'enhance', 'communication', 'organization']"
164,"Finally, fostering a culture where employees feel their contributions are recognized and valued through regular feedback and awards can significantly enhance their motivation and engagement.","['finally', 'culture', 'employee', 'feel', 'regular', 'enhance']"
166,"Additionally, focus on creating a supportive and inclusive work environment.","['additionally', 'create', 'inclusive', 'work', 'environment']"
167,Increasing transparency in decision-making processes and ensuring that employees feel heard and involved can foster a sense of trust and belonging within the organization.,"['ensure', 'employee', 'feel', 'organization']"
169,"Additionally, focus on creating a supportive and inclusive work environment.","['additionally', 'create', 'inclusive', 'work', 'environment']"
170,Creating a more inclusive and diverse work environment by promoting diversity initiatives and providing training on cultural competence can enhance employee well-being and satisfaction.,"['create', 'more', 'inclusive', 'work', 'environment', 'promote', 'provide', 'enhance', 'employee', 'well', 'being', 'satisfaction']"
172,"Moreover, enhance communication between different levels of the organization.","['moreover', 'enhance', 'communication', 'organization']"
173,Creating a more inclusive and diverse work environment by promoting diversity initiatives and providing training on cultural competence can enhance employee well-being and satisfaction.,"['create', 'more', 'inclusive', 'work', 'environment', 'promote', 'provide', 'enhance', 'employee', 'well', 'being', 'satisfaction']"
174,Improve work-life balance through remote working options.,"['improve', 'work', 'life', 'balance', 'work']"
175,"Finally, promote a culture of recognition and appreciation for employees' hard work.","['finally', 'promote', 'culture', 'recognition', 'employee', 'work']"
176,"Moreover, ensuring that all employees have access to state-of-the-art technology and resources will enable them to perform their duties more efficiently and with greater satisfaction.","['moreover', 'ensure', 'employee', 'more', 'satisfaction']"
177,Provide more opportunities for career advancement and promotion.,"['provide', 'more', 'opportunity', 'career']"
178,"Additionally, focus on creating a supportive and inclusive work environment.","['additionally', 'create', 'inclusive', 'work', 'environment']"
179,Creating a more inclusive and diverse work environment by promoting diversity initiatives and providing training on cultural competence can enhance employee well-being and satisfaction.,"['create', 'more', 'inclusive', 'work', 'environment', 'promote', 'provide', 'enhance', 'employee', 'well', 'being', 'satisfaction']"
180,Create a more supportive and understanding management style.,"['create', 'more']"
181,"Additionally, focus on creating a supportive and inclusive work environment.","['additionally', 'create', 'inclusive', 'work', 'environment']"
182,Implementing regular check-ins and mental health days can help employees manage stress and maintain a healthy work-life balance.,"['regular', 'health', 'help', 'employee', 'work', 'life', 'balance']"
183,Implement programs to support work-life balance.,"['work', 'life', 'balance']"
184,"Finally, promote a culture of recognition and appreciation for employees' hard work.","['finally', 'promote', 'culture', 'recognition', 'employee', 'work']"
185,Implementing regular check-ins and mental health days can help employees manage stress and maintain a healthy work-life balance.,"['regular', 'health', 'help', 'employee', 'work', 'life', 'balance']"
187,"Also, provide more opportunities for career growth and development.","['provide', 'more', 'opportunity', 'career', 'development']"
188,"Moreover, ensuring that all employees have access to state-of-the-art technology and resources will enable them to perform their duties more efficiently and with greater satisfaction.","['moreover', 'ensure', 'employee', 'more', 'satisfaction']"
189,Promote a culture of continuous learning and development.,"['promote', 'culture', 'development']"
190,"Finally, promote a culture of recognition and appreciation for employees' hard work.","['finally', 'promote', 'culture', 'recognition', 'employee', 'work']"
191,"Additionally, creating opportunities for regular team-building activities and social events can help strengthen relationships and improve morale.","['additionally', 'create', 'opportunity', 'regular', 'help', 'improve']"
193,"Finally, promote a culture of recognition and appreciation for employees' hard work.","['finally', 'promote', 'culture', 'recognition', 'employee', 'work']"
194,"Offering opportunities for continuous learning and professional development, such as workshops, courses, and certifications, can help employees feel more engaged and valued.","['opportunity', 'development', 'help', 'employee', 'feel', 'more']"
196,"Finally, promote a culture of recognition and appreciation for employees' hard work.","['finally', 'promote', 'culture', 'recognition', 'employee', 'work']"
197,Creating a more inclusive and diverse work environment by promoting diversity initiatives and providing training on cultural competence can enhance employee well-being and satisfaction.,"['create', 'more', 'inclusive', 'work', 'environment', 'promote', 'provide', 'enhance', 'employee', 'well', 'being', 'satisfaction']"
198,Enhance employee engagement through regular feedback and communication.,"['enhance', 'employee', 'regular', 'communication']"
199,"Moreover, enhance communication between different levels of the organization.","['moreover', 'enhance', 'communication', 'organization']"
200,"Furthermore, the introduction of more comprehensive wellness programs, including fitness classes and mental health workshops, would greatly benefit employee well-being.","['more', 'health', 'employee', 'well', 'being']"
202,"Moreover, enhance communication between different levels of the organization.","['moreover', 'enhance', 'communication', 'organization']"
203,"Providing additional support for employees who are managing work and family responsibilities, such as flexible schedules and childcare options, would greatly alleviate stress and improve work-life balance.","['provide', 'employee', 'work', 'improve', 'work', 'life', 'balance']"
204,Provide more opportunities for social engagement and team-building.,"['provide', 'more', 'opportunity']"
205,"Additionally, focus on creating a supportive and inclusive work environment.","['additionally', 'create', 'inclusive', 'work', 'environment']"
206,Creating a more inclusive and diverse work environment by promoting diversity initiatives and providing training on cultural competence can enhance employee well-being and satisfaction.,"['create', 'more', 'inclusive', 'work', 'environment', 'promote', 'provide', 'enhance', 'employee', 'well', 'being', 'satisfaction']"
207,Increase the frequency and variety of employee recognition programs.,"['employee', 'recognition']"
208,"Moreover, enhance communication between different levels of the organization.","['moreover', 'enhance', 'communication', 'organization']"
209,"Finally, fostering a culture where employees feel their contributions are recognized and valued through regular feedback and awards can significantly enhance their motivation and engagement.","['finally', 'culture', 'employee', 'feel', 'regular', 'enhance']"
210,Provide more opportunities for cross-training and skill development.,"['provide', 'more', 'opportunity', 'development']"
212,Encouraging open communication and feedback between employees and management can help address concerns promptly and improve overall workplace satisfaction.,"['communication', 'employee', 'help', 'improve', 'satisfaction']"
214,"Moreover, enhance communication between different levels of the organization.","['moreover', 'enhance', 'communication', 'organization']"
215,"Offering opportunities for continuous learning and professional development, such as workshops, courses, and certifications, can help employees feel more engaged and valued.","['opportunity', 'development', 'help', 'employee', 'feel', 'more']"
217,"Additionally, focus on creating a supportive and inclusive work environment.","['additionally', 'create', 'inclusive', 'work', 'environment']"
218,"Additionally, creating opportunities for regular team-building activities and social events can help strengthen relationships and improve morale.","['additionally', 'create', 'opportunity', 'regular', 'help', 'improve']"
220,"Also, provide more opportunities for career growth and development.","['provide', 'more', 'opportunity', 'career', 'development']"
221,"Furthermore, the introduction of more comprehensive wellness programs, including fitness classes and mental health workshops, would greatly benefit employee well-being.","['more', 'health', 'employee', 'well', 'being']"
223,"Moreover, enhance communication between different levels of the organization.","['moreover', 'enhance', 'communication', 'organization']"
224,Implementing regular check-ins and mental health days can help employees manage stress and maintain a healthy work-life balance.,"['regular', 'health', 'help', 'employee', 'work', 'life', 'balance']"
226,"Finally, promote a culture of recognition and appreciation for employees' hard work.","['finally', 'promote', 'culture', 'recognition', 'employee', 'work']"
227,Implementing regular check-ins and mental health days can help employees manage stress and maintain a healthy work-life balance.,"['regular', 'health', 'help', 'employee', 'work', 'life', 'balance']"
228,Ensure that all employees have the resources they need to succeed.,"['ensure', 'employee']"
229,"Also, provide more opportunities for career growth and development.","['provide', 'more', 'opportunity', 'career', 'development']"
230,Creating a more inclusive and diverse work environment by promoting diversity initiatives and providing training on cultural competence can enhance employee well-being and satisfaction.,"['create', 'more', 'inclusive', 'work', 'environment', 'promote', 'provide', 'enhance', 'employee', 'well', 'being', 'satisfaction']"
231,Enhance work-life balance through remote working options.,"['enhance', 'work', 'life', 'balance', 'work']"
232,"Also, provide more opportunities for career growth and development.","['provide', 'more', 'opportunity', 'career', 'development']"
233,Creating a more inclusive and diverse work environment by promoting diversity initiatives and providing training on cultural competence can enhance employee well-being and satisfaction.,"['create', 'more', 'inclusive', 'work', 'environment', 'promote', 'provide', 'enhance', 'employee', 'well', 'being', 'satisfaction']"
234,Create opportunities for cross-departmental collaboration.,"['create', 'opportunity']"
235,"Also, provide more opportunities for career growth and development.","['provide', 'more', 'opportunity', 'career', 'development']"
236,"Finally, fostering a culture where employees feel their contributions are recognized and valued through regular feedback and awards can significantly enhance their motivation and engagement.","['finally', 'culture', 'employee', 'feel', 'regular', 'enhance']"
239,"Providing additional support for employees who are managing work and family responsibilities, such as flexible schedules and childcare options, would greatly alleviate stress and improve work-life balance.","['provide', 'employee', 'work', 'improve', 'work', 'life', 'balance']"
240,Provide better support for work-life integration.,"['provide', 'well', 'work', 'life']"
241,"Additionally, focus on creating a supportive and inclusive work environment.","['additionally', 'create', 'inclusive', 'work', 'environment']"
242,Increasing transparency in decision-making processes and ensuring that employees feel heard and involved can foster a sense of trust and belonging within the organization.,"['ensure', 'employee', 'feel', 'organization']"
243,Improve communication between management and staff.,"['improve', 'communication']"
245,"Finally, fostering a culture where employees feel their contributions are recognized and valued through regular feedback and awards can significantly enhance their motivation and engagement.","['finally', 'culture', 'employee', 'feel', 'regular', 'enhance']"
246,"Offer better mental health support, such as access to counseling services.","['well', 'health']"
247,"Also, provide more opportunities for career growth and development.","['provide', 'more', 'opportunity', 'career', 'development']"
248,"Providing additional support for employees who are managing work and family responsibilities, such as flexible schedules and childcare options, would greatly alleviate stress and improve work-life balance.","['provide', 'employee', 'work', 'improve', 'work', 'life', 'balance']"
250,"Finally, promote a culture of recognition and appreciation for employees' hard work.","['finally', 'promote', 'culture', 'recognition', 'employee', 'work']"
251,Increasing transparency in decision-making processes and ensuring that employees feel heard and involved can foster a sense of trust and belonging within the organization.,"['ensure', 'employee', 'feel', 'organization']"
252,Ensure job security and stability for employees.,"['ensure', 'employee']"
253,"Moreover, enhance communication between different levels of the organization.","['moreover', 'enhance', 'communication', 'organization']"
254,"Furthermore, the introduction of more comprehensive wellness programs, including fitness classes and mental health workshops, would greatly benefit employee well-being.","['more', 'health', 'employee', 'well', 'being']"
256,"Finally, promote a culture of recognition and appreciation for employees' hard work.","['finally', 'promote', 'culture', 'recognition', 'employee', 'work']"
257,"Finally, fostering a culture where employees feel their contributions are recognized and valued through regular feedback and awards can significantly enhance their motivation and engagement.","['finally', 'culture', 'employee', 'feel', 'regular', 'enhance']"
258,Provide better support for remote and hybrid work setups.,"['provide', 'well', 'work']"
259,"Finally, promote a culture of recognition and appreciation for employees' hard work.","['finally', 'promote', 'culture', 'recognition', 'employee', 'work']"
260,"Moreover, ensuring that all employees have access to state-of-the-art technology and resources will enable them to perform their duties more efficiently and with greater satisfaction.","['moreover', 'ensure', 'employee', 'more', 'satisfaction']"
263,"Providing additional support for employees who are managing work and family responsibilities, such as flexible schedules and childcare options, would greatly alleviate stress and improve work-life balance.","['provide', 'employee', 'work', 'improve', 'work', 'life', 'balance']"
264,Promote a culture of continuous learning and development.,"['promote', 'culture', 'development']"
265,"Additionally, focus on creating a supportive and inclusive work environment.","['additionally', 'create', 'inclusive', 'work', 'environment']"
266,"Moreover, ensuring that all employees have access to state-of-the-art technology and resources will enable them to perform their duties more efficiently and with greater satisfaction.","['moreover', 'ensure', 'employee', 'more', 'satisfaction']"
268,"Additionally, focus on creating a supportive and inclusive work environment.","['additionally', 'create', 'inclusive', 'work', 'environment']"
269,"Additionally, creating opportunities for regular team-building activities and social events can help strengthen relationships and improve morale.","['additionally', 'create', 'opportunity', 'regular', 'help', 'improve']"
270,Enhance career development programs and pathways.,"['enhance', 'career', 'development']"
272,"Furthermore, the introduction of more comprehensive wellness programs, including fitness classes and mental health workshops, would greatly benefit employee well-being.","['more', 'health', 'employee', 'well', 'being']"
273,Implement initiatives to improve physical health and well-being.,"['improve', 'health', 'well', 'being']"
275,"Moreover, ensuring that all employees have access to state-of-the-art technology and resources will enable them to perform their duties more efficiently and with greater satisfaction.","['moreover', 'ensure', 'employee', 'more', 'satisfaction']"
277,"Moreover, enhance communication between different levels of the organization.","['moreover', 'enhance', 'communication', 'organization']"
278,Creating a more inclusive and diverse work environment by promoting diversity initiatives and providing training on cultural competence can enhance employee well-being and satisfaction.,"['create', 'more', 'inclusive', 'work', 'environment', 'promote', 'provide', 'enhance', 'employee', 'well', 'being', 'satisfaction']"
279,Promote a culture of trust and accountability.,"['promote', 'culture']"
280,"Also, provide more opportunities for career growth and development.","['provide', 'more', 'opportunity', 'career', 'development']"
281,"Additionally, creating opportunities for regular team-building activities and social events can help strengthen relationships and improve morale.","['additionally', 'create', 'opportunity', 'regular', 'help', 'improve']"
282,Provide better support for work-life integration.,"['provide', 'well', 'work', 'life']"
284,"Moreover, ensuring that all employees have access to state-of-the-art technology and resources will enable them to perform their duties more efficiently and with greater satisfaction.","['moreover', 'ensure', 'employee', 'more', 'satisfaction']"
285,Implement initiatives to improve physical health and well-being.,"['improve', 'health', 'well', 'being']"
286,"Also, provide more opportunities for career growth and development.","['provide', 'more', 'opportunity', 'career', 'development']"
287,"Additionally, creating opportunities for regular team-building activities and social events can help strengthen relationships and improve morale.","['additionally', 'create', 'opportunity', 'regular', 'help', 'improve']"
288,Implement initiatives to improve physical health and well-being.,"['improve', 'health', 'well', 'being']"
289,"Additionally, focus on creating a supportive and inclusive work environment.","['additionally', 'create', 'inclusive', 'work', 'environment']"
290,Creating a more inclusive and diverse work environment by promoting diversity initiatives and providing training on cultural competence can enhance employee well-being and satisfaction.,"['create', 'more', 'inclusive', 'work', 'environment', 'promote', 'provide', 'enhance', 'employee', 'well', 'being', 'satisfaction']"
291,Create opportunities for cross-departmental collaboration.,"['create', 'opportunity']"
292,"Additionally, focus on creating a supportive and inclusive work environment.","['additionally', 'create', 'inclusive', 'work', 'environment']"
293,"Finally, fostering a culture where employees feel their contributions are recognized and valued through regular feedback and awards can significantly enhance their motivation and engagement.","['finally', 'culture', 'employee', 'feel', 'regular', 'enhance']"
294,Promote transparency in communication from leadership.,"['promote', 'communication']"
295,"Finally, promote a culture of recognition and appreciation for employees' hard work.","['finally', 'promote', 'culture', 'recognition', 'employee', 'work']"
296,"Finally, fostering a culture where employees feel their contributions are recognized and valued through regular feedback and awards can significantly enhance their motivation and engagement.","['finally', 'culture', 'employee', 'feel', 'regular', 'enhance']"
298,"Moreover, enhance communication between different levels of the organization.","['moreover', 'enhance', 'communication', 'organization']"
299,"Moreover, ensuring that all employees have access to state-of-the-art technology and resources will enable them to perform their duties more efficiently and with greater satisfaction.","['moreover', 'ensure', 'employee', 'more', 'satisfaction']"
